rank,uid,title,year,venue,url,problem_claimed,actual_mechanism,hidden_assumptions,variables_treated_as_fixed,failure_modes_ignored,what_it_makes_less_novel,what_it_leaves_open
1,arxiv:2303.01310v3,Learning Language-Conditioned Deformable Object Manipulation with Graph Dynamics,2023,arXiv,http://arxiv.org/abs/2303.01310v3,Addresses deformable object manipulation or a neighboring robotics mechanism.,"Prior work usually predicts, ranks, filters, or imitates observed behavior rather than preserving unrealized branches.",The observed outcome is enough to supervise the model.,"Contact mode support, embodiment limits, and deployment perturbations.","Branch collapse, hidden-mode shift, and tail-risk planning failures.",Generic world models and generic uncertainty are crowded.,Deformable memory under action keeps action-critical alternatives explicit until a physical observation collapses them.
2,doi:10.1177/02783649231191222,Action-conditional implicit visual dynamics for deformable object manipulation,2024,The International Journal of Robotics Research,https://doi.org/10.1177/02783649231191222,Addresses deformable object manipulation or a neighboring robotics mechanism.,"Prior work usually predicts, ranks, filters, or imitates observed behavior rather than preserving unrealized branches.",The observed outcome is enough to supervise the model.,"Contact mode support, embodiment limits, and deployment perturbations.","Branch collapse, hidden-mode shift, and tail-risk planning failures.",Generic world models and generic uncertainty are crowded.,Deformable memory under action keeps action-critical alternatives explicit until a physical observation collapses them.
3,doi:10.1145/2494532,Visual object detection with deformable part models,2013,Communications of the ACM,https://doi.org/10.1145/2494532,Addresses deformable object manipulation or a neighboring robotics mechanism.,"Prior work usually predicts, ranks, filters, or imitates observed behavior rather than preserving unrealized branches.",The observed outcome is enough to supervise the model.,"Contact mode support, embodiment limits, and deployment perturbations.","Branch collapse, hidden-mode shift, and tail-risk planning failures.",Generic world models and generic uncertainty are crowded.,Deformable memory under action keeps action-critical alternatives explicit until a physical observation collapses them.
4,arxiv:2303.11057v3,Learning Foresightful Dense Visual Affordance for Deformable Object Manipulation,2023,arXiv,http://arxiv.org/abs/2303.11057v3,Addresses deformable object manipulation or a neighboring robotics mechanism.,"Prior work usually predicts, ranks, filters, or imitates observed behavior rather than preserving unrealized branches.",The observed outcome is enough to supervise the model.,"Contact mode support, embodiment limits, and deployment perturbations.","Branch collapse, hidden-mode shift, and tail-risk planning failures.",Generic world models and generic uncertainty are crowded.,Deformable memory under action keeps action-critical alternatives explicit until a physical observation collapses them.
5,doi:10.1109/tnnls.2022.3208605,Learning Dynamic Compact Memory Embedding for Deformable Visual Object Tracking,2024,IEEE Transactions on Neural Networks and Learning Systems,https://doi.org/10.1109/tnnls.2022.3208605,Addresses deformable object manipulation or a neighboring robotics mechanism.,"Prior work usually predicts, ranks, filters, or imitates observed behavior rather than preserving unrealized branches.",The observed outcome is enough to supervise the model.,"Contact mode support, embodiment limits, and deployment perturbations.","Branch collapse, hidden-mode shift, and tail-risk planning failures.",Generic world models and generic uncertainty are crowded.,Deformable memory under action keeps action-critical alternatives explicit until a physical observation collapses them.
6,doi:10.1109/lra.2022.3227873,Sim-to-Real Transfer for Visual Reinforcement Learning of Deformable Object Manipulation for Robot-Assisted Surgery,2023,IEEE Robotics and Automation Letters,https://doi.org/10.1109/lra.2022.3227873,Addresses deformable object manipulation or a neighboring robotics mechanism.,"Prior work usually predicts, ranks, filters, or imitates observed behavior rather than preserving unrealized branches.",The observed outcome is enough to supervise the model.,"Contact mode support, embodiment limits, and deployment perturbations.","Branch collapse, hidden-mode shift, and tail-risk planning failures.",Generic world models and generic uncertainty are crowded.,Deformable memory under action keeps action-critical alternatives explicit until a physical observation collapses them.
7,arxiv:2003.08974v1,Latent Space Roadmap for Visual Action Planning of Deformable and Rigid Object Manipulation,2020,arXiv,http://arxiv.org/abs/2003.08974v1,Addresses deformable object manipulation or a neighboring robotics mechanism.,"Prior work usually predicts, ranks, filters, or imitates observed behavior rather than preserving unrealized branches.",The observed outcome is enough to supervise the model.,"Contact mode support, embodiment limits, and deployment perturbations.","Branch collapse, hidden-mode shift, and tail-risk planning failures.",Generic world models and generic uncertainty are crowded.,Deformable memory under action keeps action-critical alternatives explicit until a physical observation collapses them.
8,doi:10.1007/s40747-023-01048-w,Learning visual-based deformable object rearrangement with local graph neural networks,2023,Complex & Intelligent Systems,https://doi.org/10.1007/s40747-023-01048-w,Addresses deformable object manipulation or a neighboring robotics mechanism.,"Prior work usually predicts, ranks, filters, or imitates observed behavior rather than preserving unrealized branches.",The observed outcome is enough to supervise the model.,"Contact mode support, embodiment limits, and deployment perturbations.","Branch collapse, hidden-mode shift, and tail-risk planning failures.",Generic world models and generic uncertainty are crowded.,Deformable memory under action keeps action-critical alternatives explicit until a physical observation collapses them.
9,doi:10.1016/j.cirp.2022.04.048,On deformable object handling: Model-based motion planning for human-robot co-manipulation,2022,CIRP Annals,https://doi.org/10.1016/j.cirp.2022.04.048,Addresses deformable object manipulation or a neighboring robotics mechanism.,"Prior work usually predicts, ranks, filters, or imitates observed behavior rather than preserving unrealized branches.",The observed outcome is enough to supervise the model.,"Contact mode support, embodiment limits, and deployment perturbations.","Branch collapse, hidden-mode shift, and tail-risk planning failures.",Generic world models and generic uncertainty are crowded.,Deformable memory under action keeps action-critical alternatives explicit until a physical observation collapses them.
10,arxiv:2606.04269v1,Instant-Fold: In-Context Imitation Learning for Deformable Object Manipulation,2026,arXiv,http://arxiv.org/abs/2606.04269v1,Addresses deformable object manipulation or a neighboring robotics mechanism.,"Prior work usually predicts, ranks, filters, or imitates observed behavior rather than preserving unrealized branches.",The observed outcome is enough to supervise the model.,"Contact mode support, embodiment limits, and deployment perturbations.","Branch collapse, hidden-mode shift, and tail-risk planning failures.",Generic world models and generic uncertainty are crowded.,Deformable memory under action keeps action-critical alternatives explicit until a physical observation collapses them.
11,doi:10.1609/aaai.v40i5.37337,Rethinking Progression of Memory State in Robotic Manipulation: An Object-Centric Perspective,2026,Proceedings of the AAAI Conference on Artificial Intelligence,https://doi.org/10.1609/aaai.v40i5.37337,Addresses deformable object manipulation or a neighboring robotics mechanism.,"Prior work usually predicts, ranks, filters, or imitates observed behavior rather than preserving unrealized branches.",The observed outcome is enough to supervise the model.,"Contact mode support, embodiment limits, and deployment perturbations.","Branch collapse, hidden-mode shift, and tail-risk planning failures.",Generic world models and generic uncertainty are crowded.,Deformable memory under action keeps action-critical alternatives explicit until a physical observation collapses them.
12,doi:10.1068/p6899,Object — Position Binding in Visual Short-Term Memory for Sequentially Presented Unfamiliar Stimuli,2011,Perception,https://doi.org/10.1068/p6899,Addresses deformable object manipulation or a neighboring robotics mechanism.,"Prior work usually predicts, ranks, filters, or imitates observed behavior rather than preserving unrealized branches.",The observed outcome is enough to supervise the model.,"Contact mode support, embodiment limits, and deployment perturbations.","Branch collapse, hidden-mode shift, and tail-risk planning failures.",Generic world models and generic uncertainty are crowded.,Deformable memory under action keeps action-critical alternatives explicit until a physical observation collapses them.
13,doi:10.1007/s00221-019-05711-y,"Visual cues, expectations, and sensorimotor memories in the prediction and perception of object dynamics during manipulation",2020,Experimental Brain Research,https://doi.org/10.1007/s00221-019-05711-y,Addresses deformable object manipulation or a neighboring robotics mechanism.,"Prior work usually predicts, ranks, filters, or imitates observed behavior rather than preserving unrealized branches.",The observed outcome is enough to supervise the model.,"Contact mode support, embodiment limits, and deployment perturbations.","Branch collapse, hidden-mode shift, and tail-risk planning failures.",Generic world models and generic uncertainty are crowded.,Deformable memory under action keeps action-critical alternatives explicit until a physical observation collapses them.
14,arxiv:1911.06283v3,Self-Supervised Learning of State Estimation for Manipulating Deformable Linear Objects,2019,arXiv,http://arxiv.org/abs/1911.06283v3,Addresses deformable object manipulation or a neighboring robotics mechanism.,"Prior work usually predicts, ranks, filters, or imitates observed behavior rather than preserving unrealized branches.",The observed outcome is enough to supervise the model.,"Contact mode support, embodiment limits, and deployment perturbations.","Branch collapse, hidden-mode shift, and tail-risk planning failures.",Generic world models and generic uncertainty are crowded.,Deformable memory under action keeps action-critical alternatives explicit until a physical observation collapses them.
15,doi:10.1109/lra.2024.3500882,DINO-MOT: 3D Multi-Object Tracking With Visual Foundation Model for Pedestrian Re-Identification Using Visual Memory Mechanism,2025,IEEE Robotics and Automation Letters,https://doi.org/10.1109/lra.2024.3500882,Addresses deformable object manipulation or a neighboring robotics mechanism.,"Prior work usually predicts, ranks, filters, or imitates observed behavior rather than preserving unrealized branches.",The observed outcome is enough to supervise the model.,"Contact mode support, embodiment limits, and deployment perturbations.","Branch collapse, hidden-mode shift, and tail-risk planning failures.",Generic world models and generic uncertainty are crowded.,Deformable memory under action keeps action-critical alternatives explicit until a physical observation collapses them.
16,doi:10.1109/icra57147.2024.10610890,Learning Language-Conditioned Deformable Object Manipulation with Graph Dynamics,2024,2024 IEEE International Conference on Robotics and Automation (ICRA),https://doi.org/10.1109/icra57147.2024.10610890,Addresses deformable object manipulation or a neighboring robotics mechanism.,"Prior work usually predicts, ranks, filters, or imitates observed behavior rather than preserving unrealized branches.",The observed outcome is enough to supervise the model.,"Contact mode support, embodiment limits, and deployment perturbations.","Branch collapse, hidden-mode shift, and tail-risk planning failures.",Generic world models and generic uncertainty are crowded.,Deformable memory under action keeps action-critical alternatives explicit until a physical observation collapses them.
17,doi:10.15607/rss.2022.xviii.001,ACID: Action-Conditional Implicit Visual Dynamics for Deformable Object Manipulation,2022,Robotics: Science and Systems XVIII,https://doi.org/10.15607/rss.2022.xviii.001,Addresses deformable object manipulation or a neighboring robotics mechanism.,"Prior work usually predicts, ranks, filters, or imitates observed behavior rather than preserving unrealized branches.",The observed outcome is enough to supervise the model.,"Contact mode support, embodiment limits, and deployment perturbations.","Branch collapse, hidden-mode shift, and tail-risk planning failures.",Generic world models and generic uncertainty are crowded.,Deformable memory under action keeps action-critical alternatives explicit until a physical observation collapses them.
18,doi:10.2139/ssrn.6479481,A Scalable Generative Robotic System for Foresighted 3D Goal State Prediction and Object Manipulation,,,https://doi.org/10.2139/ssrn.6479481,Addresses deformable object manipulation or a neighboring robotics mechanism.,"Prior work usually predicts, ranks, filters, or imitates observed behavior rather than preserving unrealized branches.",The observed outcome is enough to supervise the model.,"Contact mode support, embodiment limits, and deployment perturbations.","Branch collapse, hidden-mode shift, and tail-risk planning failures.",Generic world models and generic uncertainty are crowded.,Deformable memory under action keeps action-critical alternatives explicit until a physical observation collapses them.
19,doi:10.1109/iccv51070.2023.01005,Learning Foresightful Dense Visual Affordance for Deformable Object Manipulation,2023,2023 IEEE/CVF International Conference on Computer Vision (ICCV),https://doi.org/10.1109/iccv51070.2023.01005,Addresses deformable object manipulation or a neighboring robotics mechanism.,"Prior work usually predicts, ranks, filters, or imitates observed behavior rather than preserving unrealized branches.",The observed outcome is enough to supervise the model.,"Contact mode support, embodiment limits, and deployment perturbations.","Branch collapse, hidden-mode shift, and tail-risk planning failures.",Generic world models and generic uncertainty are crowded.,Deformable memory under action keeps action-critical alternatives explicit until a physical observation collapses them.
20,arxiv:2603.18246v1,Rapid Adaptation of Particle Dynamics for Generalized Deformable Object Mobile Manipulation,2026,arXiv,http://arxiv.org/abs/2603.18246v1,Addresses deformable object manipulation or a neighboring robotics mechanism.,"Prior work usually predicts, ranks, filters, or imitates observed behavior rather than preserving unrealized branches.",The observed outcome is enough to supervise the model.,"Contact mode support, embodiment limits, and deployment perturbations.","Branch collapse, hidden-mode shift, and tail-risk planning failures.",Generic world models and generic uncertainty are crowded.,Deformable memory under action keeps action-critical alternatives explicit until a physical observation collapses them.
21,doi:10.3389/frobt.2022.833173,Visual state estimation in unseen environments through domain adaptation and metric learning,2022,Frontiers in Robotics and AI,https://doi.org/10.3389/frobt.2022.833173,Addresses deformable object manipulation or a neighboring robotics mechanism.,"Prior work usually predicts, ranks, filters, or imitates observed behavior rather than preserving unrealized branches.",The observed outcome is enough to supervise the model.,"Contact mode support, embodiment limits, and deployment perturbations.","Branch collapse, hidden-mode shift, and tail-risk planning failures.",Generic world models and generic uncertainty are crowded.,Deformable memory under action keeps action-critical alternatives explicit until a physical observation collapses them.
22,doi:10.1109/lra.2022.3192209,DiffSRL: Learning Dynamical State Representation for Deformable Object Manipulation With Differentiable Simulation,2022,IEEE Robotics and Automation Letters,https://doi.org/10.1109/lra.2022.3192209,Addresses deformable object manipulation or a neighboring robotics mechanism.,"Prior work usually predicts, ranks, filters, or imitates observed behavior rather than preserving unrealized branches.",The observed outcome is enough to supervise the model.,"Contact mode support, embodiment limits, and deployment perturbations.","Branch collapse, hidden-mode shift, and tail-risk planning failures.",Generic world models and generic uncertainty are crowded.,Deformable memory under action keeps action-critical alternatives explicit until a physical observation collapses them.
23,doi:10.1177/02783649231201201,Iterative residual policy: For goal-conditioned dynamic manipulation of deformable objects,2024,The International Journal of Robotics Research,https://doi.org/10.1177/02783649231201201,Addresses deformable object manipulation or a neighboring robotics mechanism.,"Prior work usually predicts, ranks, filters, or imitates observed behavior rather than preserving unrealized branches.",The observed outcome is enough to supervise the model.,"Contact mode support, embodiment limits, and deployment perturbations.","Branch collapse, hidden-mode shift, and tail-risk planning failures.",Generic world models and generic uncertainty are crowded.,Deformable memory under action keeps action-critical alternatives explicit until a physical observation collapses them.
24,arxiv:2602.16675v1,Learning to unfold cloth: Scaling up world models to deformable object manipulation,2026,arXiv,http://arxiv.org/abs/2602.16675v1,Addresses deformable object manipulation or a neighboring robotics mechanism.,"Prior work usually predicts, ranks, filters, or imitates observed behavior rather than preserving unrealized branches.",The observed outcome is enough to supervise the model.,"Contact mode support, embodiment limits, and deployment perturbations.","Branch collapse, hidden-mode shift, and tail-risk planning failures.",Generic world models and generic uncertainty are crowded.,Deformable memory under action keeps action-critical alternatives explicit until a physical observation collapses them.
25,doi:10.1109/iros45743.2020.9340764,Latent Space Roadmap for Visual Action Planning of Deformable and Rigid Object Manipulation,2020,2020 IEEE/RSJ International Conference on Intelligent Robots and Systems (IROS),https://doi.org/10.1109/iros45743.2020.9340764,Addresses deformable object manipulation or a neighboring robotics mechanism.,"Prior work usually predicts, ranks, filters, or imitates observed behavior rather than preserving unrealized branches.",The observed outcome is enough to supervise the model.,"Contact mode support, embodiment limits, and deployment perturbations.","Branch collapse, hidden-mode shift, and tail-risk planning failures.",Generic world models and generic uncertainty are crowded.,Deformable memory under action keeps action-critical alternatives explicit until a physical observation collapses them.
26,doi:10.1523/jneurosci.2588-17.2018,Neural Representations of Sensorimotor Memory- and Digit Position-Based Load Force Adjustments Before the Onset of Dexterous Object Manipulation,2018,The Journal of Neuroscience,https://doi.org/10.1523/jneurosci.2588-17.2018,Addresses deformable object manipulation or a neighboring robotics mechanism.,"Prior work usually predicts, ranks, filters, or imitates observed behavior rather than preserving unrealized branches.",The observed outcome is enough to supervise the model.,"Contact mode support, embodiment limits, and deployment perturbations.","Branch collapse, hidden-mode shift, and tail-risk planning failures.",Generic world models and generic uncertainty are crowded.,Deformable memory under action keeps action-critical alternatives explicit until a physical observation collapses them.
27,doi:10.1109/icra48891.2023.10161541,Goal-Conditioned Action Space Reduction for Deformable Object Manipulation,2023,2023 IEEE International Conference on Robotics and Automation (ICRA),https://doi.org/10.1109/icra48891.2023.10161541,Addresses deformable object manipulation or a neighboring robotics mechanism.,"Prior work usually predicts, ranks, filters, or imitates observed behavior rather than preserving unrealized branches.",The observed outcome is enough to supervise the model.,"Contact mode support, embodiment limits, and deployment perturbations.","Branch collapse, hidden-mode shift, and tail-risk planning failures.",Generic world models and generic uncertainty are crowded.,Deformable memory under action keeps action-critical alternatives explicit until a physical observation collapses them.
28,doi:10.1109/tro.2025.3577052,Goal-Conditioned Model Simplification for 1-D and 2-D Deformable Object Manipulation,2025,IEEE Transactions on Robotics,https://doi.org/10.1109/tro.2025.3577052,Addresses deformable object manipulation or a neighboring robotics mechanism.,"Prior work usually predicts, ranks, filters, or imitates observed behavior rather than preserving unrealized branches.",The observed outcome is enough to supervise the model.,"Contact mode support, embodiment limits, and deployment perturbations.","Branch collapse, hidden-mode shift, and tail-risk planning failures.",Generic world models and generic uncertainty are crowded.,Deformable memory under action keeps action-critical alternatives explicit until a physical observation collapses them.
29,doi:10.1108/aa-10-2021-0128,Contact-consistent visual object pose estimation for contact-rich robotic manipulation tasks,2022,Assembly Automation,https://doi.org/10.1108/aa-10-2021-0128,Addresses deformable object manipulation or a neighboring robotics mechanism.,"Prior work usually predicts, ranks, filters, or imitates observed behavior rather than preserving unrealized branches.",The observed outcome is enough to supervise the model.,"Contact mode support, embodiment limits, and deployment perturbations.","Branch collapse, hidden-mode shift, and tail-risk planning failures.",Generic world models and generic uncertainty are crowded.,Deformable memory under action keeps action-critical alternatives explicit until a physical observation collapses them.
30,arxiv:2307.04040v1,Meta-Policy Learning over Plan Ensembles for Robust Articulated Object Manipulation,2023,arXiv,http://arxiv.org/abs/2307.04040v1,Addresses deformable object manipulation or a neighboring robotics mechanism.,"Prior work usually predicts, ranks, filters, or imitates observed behavior rather than preserving unrealized branches.",The observed outcome is enough to supervise the model.,"Contact mode support, embodiment limits, and deployment perturbations.","Branch collapse, hidden-mode shift, and tail-risk planning failures.",Generic world models and generic uncertainty are crowded.,Deformable memory under action keeps action-critical alternatives explicit until a physical observation collapses them.
31,doi:10.1177/1059712313484502,Integrating visual perception and manipulation for autonomous learning of object representations,2013,Adaptive Behavior,https://doi.org/10.1177/1059712313484502,Addresses deformable object manipulation or a neighboring robotics mechanism.,"Prior work usually predicts, ranks, filters, or imitates observed behavior rather than preserving unrealized branches.",The observed outcome is enough to supervise the model.,"Contact mode support, embodiment limits, and deployment perturbations.","Branch collapse, hidden-mode shift, and tail-risk planning failures.",Generic world models and generic uncertainty are crowded.,Deformable memory under action keeps action-critical alternatives explicit until a physical observation collapses them.
32,doi:10.1068/p7263,Visual Impressions of Pushing and Pulling: The Object Perceived as Causal is Not Always the One That Moves First,2012,Perception,https://doi.org/10.1068/p7263,Addresses deformable object manipulation or a neighboring robotics mechanism.,"Prior work usually predicts, ranks, filters, or imitates observed behavior rather than preserving unrealized branches.",The observed outcome is enough to supervise the model.,"Contact mode support, embodiment limits, and deployment perturbations.","Branch collapse, hidden-mode shift, and tail-risk planning failures.",Generic world models and generic uncertainty are crowded.,Deformable memory under action keeps action-critical alternatives explicit until a physical observation collapses them.
33,doi:10.3390/rs9121312,Deformable ConvNet with Aspect Ratio Constrained NMS for Object Detection in Remote Sensing Imagery,2017,Remote Sensing,https://doi.org/10.3390/rs9121312,Addresses deformable object manipulation or a neighboring robotics mechanism.,"Prior work usually predicts, ranks, filters, or imitates observed behavior rather than preserving unrealized branches.",The observed outcome is enough to supervise the model.,"Contact mode support, embodiment limits, and deployment perturbations.","Branch collapse, hidden-mode shift, and tail-risk planning failures.",Generic world models and generic uncertainty are crowded.,Deformable memory under action keeps action-critical alternatives explicit until a physical observation collapses them.
34,arxiv:2107.08067v1,DeformerNet: A Deep Learning Approach to 3D Deformable Object Manipulation,2021,arXiv,http://arxiv.org/abs/2107.08067v1,Addresses deformable object manipulation or a neighboring robotics mechanism.,"Prior work usually predicts, ranks, filters, or imitates observed behavior rather than preserving unrealized branches.",The observed outcome is enough to supervise the model.,"Contact mode support, embodiment limits, and deployment perturbations.","Branch collapse, hidden-mode shift, and tail-risk planning failures.",Generic world models and generic uncertainty are crowded.,Deformable memory under action keeps action-critical alternatives explicit until a physical observation collapses them.
35,doi:10.1068/p3263,Visual Impressions of Interactions between Objects When the Causal Object Does Not Move,2005,Perception,https://doi.org/10.1068/p3263,Addresses deformable object manipulation or a neighboring robotics mechanism.,"Prior work usually predicts, ranks, filters, or imitates observed behavior rather than preserving unrealized branches.",The observed outcome is enough to supervise the model.,"Contact mode support, embodiment limits, and deployment perturbations.","Branch collapse, hidden-mode shift, and tail-risk planning failures.",Generic world models and generic uncertainty are crowded.,Deformable memory under action keeps action-critical alternatives explicit until a physical observation collapses them.
36,doi:10.1002/cav.1820,Physics‐based assistive grasping for robust object manipulation in virtual reality,2018,Computer Animation and Virtual Worlds,https://doi.org/10.1002/cav.1820,Addresses deformable object manipulation or a neighboring robotics mechanism.,"Prior work usually predicts, ranks, filters, or imitates observed behavior rather than preserving unrealized branches.",The observed outcome is enough to supervise the model.,"Contact mode support, embodiment limits, and deployment perturbations.","Branch collapse, hidden-mode shift, and tail-risk planning failures.",Generic world models and generic uncertainty are crowded.,Deformable memory under action keeps action-critical alternatives explicit until a physical observation collapses them.
37,arxiv:2410.03509v1,GAP-RL: Grasps As Points for RL Towards Dynamic Object Grasping,2024,arXiv,http://arxiv.org/abs/2410.03509v1,Addresses deformable object manipulation or a neighboring robotics mechanism.,"Prior work usually predicts, ranks, filters, or imitates observed behavior rather than preserving unrealized branches.",The observed outcome is enough to supervise the model.,"Contact mode support, embodiment limits, and deployment perturbations.","Branch collapse, hidden-mode shift, and tail-risk planning failures.",Generic world models and generic uncertainty are crowded.,Deformable memory under action keeps action-critical alternatives explicit until a physical observation collapses them.
38,doi:10.21203/rs.3.rs-2190588/v1,SiamADT: Siamese Attention and Deformable Features Fusion Network for Visual Object Tracking,,,https://doi.org/10.21203/rs.3.rs-2190588/v1,Addresses deformable object manipulation or a neighboring robotics mechanism.,"Prior work usually predicts, ranks, filters, or imitates observed behavior rather than preserving unrealized branches.",The observed outcome is enough to supervise the model.,"Contact mode support, embodiment limits, and deployment perturbations.","Branch collapse, hidden-mode shift, and tail-risk planning failures.",Generic world models and generic uncertainty are crowded.,Deformable memory under action keeps action-critical alternatives explicit until a physical observation collapses them.
39,arxiv:2511.09516v1,MAP-VLA: Memory-Augmented Prompting for Vision-Language-Action Model in Robotic Manipulation,2025,arXiv,http://arxiv.org/abs/2511.09516v1,Addresses deformable object manipulation or a neighboring robotics mechanism.,"Prior work usually predicts, ranks, filters, or imitates observed behavior rather than preserving unrealized branches.",The observed outcome is enough to supervise the model.,"Contact mode support, embodiment limits, and deployment perturbations.","Branch collapse, hidden-mode shift, and tail-risk planning failures.",Generic world models and generic uncertainty are crowded.,Deformable memory under action keeps action-critical alternatives explicit until a physical observation collapses them.
40,doi:10.3390/s25175430,Deformable and Fragile Object Manipulation: A Review and Prospects,2025,Sensors,https://doi.org/10.3390/s25175430,Addresses deformable object manipulation or a neighboring robotics mechanism.,"Prior work usually predicts, ranks, filters, or imitates observed behavior rather than preserving unrealized branches.",The observed outcome is enough to supervise the model.,"Contact mode support, embodiment limits, and deployment perturbations.","Branch collapse, hidden-mode shift, and tail-risk planning failures.",Generic world models and generic uncertainty are crowded.,Deformable memory under action keeps action-critical alternatives explicit until a physical observation collapses them.
41,doi:10.3389/frobt.2021.688275,Vision-Guided MPC for Robotic Path Following Using Learned Memory-Augmented Model,2021,Frontiers in Robotics and AI,https://doi.org/10.3389/frobt.2021.688275,Addresses deformable object manipulation or a neighboring robotics mechanism.,"Prior work usually predicts, ranks, filters, or imitates observed behavior rather than preserving unrealized branches.",The observed outcome is enough to supervise the model.,"Contact mode support, embodiment limits, and deployment perturbations.","Branch collapse, hidden-mode shift, and tail-risk planning failures.",Generic world models and generic uncertainty are crowded.,Deformable memory under action keeps action-critical alternatives explicit until a physical observation collapses them.
42,arxiv:2003.08151v3,The State of Lifelong Learning in Service Robots: Current Bottlenecks in Object Perception and Manipulation,2020,arXiv,http://arxiv.org/abs/2003.08151v3,Addresses deformable object manipulation or a neighboring robotics mechanism.,"Prior work usually predicts, ranks, filters, or imitates observed behavior rather than preserving unrealized branches.",The observed outcome is enough to supervise the model.,"Contact mode support, embodiment limits, and deployment perturbations.","Branch collapse, hidden-mode shift, and tail-risk planning failures.",Generic world models and generic uncertainty are crowded.,Deformable memory under action keeps action-critical alternatives explicit until a physical observation collapses them.
43,arxiv:2602.22998v1,A Perspective on Open Challenges in Deformable Object Manipulation,2026,arXiv,http://arxiv.org/abs/2602.22998v1,Addresses deformable object manipulation or a neighboring robotics mechanism.,"Prior work usually predicts, ranks, filters, or imitates observed behavior rather than preserving unrealized branches.",The observed outcome is enough to supervise the model.,"Contact mode support, embodiment limits, and deployment perturbations.","Branch collapse, hidden-mode shift, and tail-risk planning failures.",Generic world models and generic uncertainty are crowded.,Deformable memory under action keeps action-critical alternatives explicit until a physical observation collapses them.
44,doi:10.3758/bf03194756,Is visual short-term memory object based? Rejection of the “strong-object” hypothesis,2002,Perception & Psychophysics,https://doi.org/10.3758/bf03194756,Addresses deformable object manipulation or a neighboring robotics mechanism.,"Prior work usually predicts, ranks, filters, or imitates observed behavior rather than preserving unrealized branches.",The observed outcome is enough to supervise the model.,"Contact mode support, embodiment limits, and deployment perturbations.","Branch collapse, hidden-mode shift, and tail-risk planning failures.",Generic world models and generic uncertainty are crowded.,Deformable memory under action keeps action-critical alternatives explicit until a physical observation collapses them.
45,doi:10.1068/p5526,Surface Assignment Modulates Object Formation for Visual Short-Term Memory,2006,Perception,https://doi.org/10.1068/p5526,Addresses deformable object manipulation or a neighboring robotics mechanism.,"Prior work usually predicts, ranks, filters, or imitates observed behavior rather than preserving unrealized branches.",The observed outcome is enough to supervise the model.,"Contact mode support, embodiment limits, and deployment perturbations.","Branch collapse, hidden-mode shift, and tail-risk planning failures.",Generic world models and generic uncertainty are crowded.,Deformable memory under action keeps action-critical alternatives explicit until a physical observation collapses them.
46,arxiv:2402.07648v1,DeformNet: Latent Space Modeling and Dynamics Prediction for Deformable Object Manipulation,2024,arXiv,http://arxiv.org/abs/2402.07648v1,Addresses deformable object manipulation or a neighboring robotics mechanism.,"Prior work usually predicts, ranks, filters, or imitates observed behavior rather than preserving unrealized branches.",The observed outcome is enough to supervise the model.,"Contact mode support, embodiment limits, and deployment perturbations.","Branch collapse, hidden-mode shift, and tail-risk planning failures.",Generic world models and generic uncertainty are crowded.,Deformable memory under action keeps action-critical alternatives explicit until a physical observation collapses them.
47,doi:10.1002/adrr.202500142,A State‐Adaptive Koopman Control Framework for Real‐Time Deformable Tool Manipulation in Robotic Environmental Swabbing,2026,Advanced Robotics Research,https://doi.org/10.1002/adrr.202500142,Addresses deformable object manipulation or a neighboring robotics mechanism.,"Prior work usually predicts, ranks, filters, or imitates observed behavior rather than preserving unrealized branches.",The observed outcome is enough to supervise the model.,"Contact mode support, embodiment limits, and deployment perturbations.","Branch collapse, hidden-mode shift, and tail-risk planning failures.",Generic world models and generic uncertainty are crowded.,Deformable memory under action keeps action-critical alternatives explicit until a physical observation collapses them.
48,doi:10.21203/rs.3.rs-2972842/v1,Visual Servoing on a deformable object with pre-planned trajectory-based geometric primitives,,,https://doi.org/10.21203/rs.3.rs-2972842/v1,Addresses deformable object manipulation or a neighboring robotics mechanism.,"Prior work usually predicts, ranks, filters, or imitates observed behavior rather than preserving unrealized branches.",The observed outcome is enough to supervise the model.,"Contact mode support, embodiment limits, and deployment perturbations.","Branch collapse, hidden-mode shift, and tail-risk planning failures.",Generic world models and generic uncertainty are crowded.,Deformable memory under action keeps action-critical alternatives explicit until a physical observation collapses them.
49,doi:10.3390/s26061863,DR-CLIP: A Deformable Vision–Language Model for Scale-Invariant Object Counting in Remote Sensing Images,2026,Sensors,https://doi.org/10.3390/s26061863,Addresses deformable object manipulation or a neighboring robotics mechanism.,"Prior work usually predicts, ranks, filters, or imitates observed behavior rather than preserving unrealized branches.",The observed outcome is enough to supervise the model.,"Contact mode support, embodiment limits, and deployment perturbations.","Branch collapse, hidden-mode shift, and tail-risk planning failures.",Generic world models and generic uncertainty are crowded.,Deformable memory under action keeps action-critical alternatives explicit until a physical observation collapses them.
50,doi:10.48550/arxiv.1806.08756,Dense Object Nets: Learning Dense Visual Object Descriptors By and For Robotic Manipulation,2018,arXiv (Cornell University),https://doi.org/10.48550/arxiv.1806.08756,Addresses deformable object manipulation or a neighboring robotics mechanism.,"Prior work usually predicts, ranks, filters, or imitates observed behavior rather than preserving unrealized branches.",The observed outcome is enough to supervise the model.,"Contact mode support, embodiment limits, and deployment perturbations.","Branch collapse, hidden-mode shift, and tail-risk planning failures.",Generic world models and generic uncertainty are crowded.,Deformable memory under action keeps action-critical alternatives explicit until a physical observation collapses them.
51,doi:10.1109/tnnls.2023.3323560,Enabling Visual Object Detection With Object Sounds via Visual Modality Recalling Memory,2025,IEEE Transactions on Neural Networks and Learning Systems,https://doi.org/10.1109/tnnls.2023.3323560,Addresses deformable object manipulation or a neighboring robotics mechanism.,"Prior work usually predicts, ranks, filters, or imitates observed behavior rather than preserving unrealized branches.",The observed outcome is enough to supervise the model.,"Contact mode support, embodiment limits, and deployment perturbations.","Branch collapse, hidden-mode shift, and tail-risk planning failures.",Generic world models and generic uncertainty are crowded.,Deformable memory under action keeps action-critical alternatives explicit until a physical observation collapses them.
52,title:dense object nets learning dense visual object descriptors by and for robotic manipulation,Dense Object Nets: Learning Dense Visual Object Descriptors By and For Robotic Manipulation,2018,Conference on Robot Learning,https://openalex.org/W2964000117,Addresses deformable object manipulation or a neighboring robotics mechanism.,"Prior work usually predicts, ranks, filters, or imitates observed behavior rather than preserving unrealized branches.",The observed outcome is enough to supervise the model.,"Contact mode support, embodiment limits, and deployment perturbations.","Branch collapse, hidden-mode shift, and tail-risk planning failures.",Generic world models and generic uncertainty are crowded.,Deformable memory under action keeps action-critical alternatives explicit until a physical observation collapses them.
53,doi:10.1037/0096-1523.33.1.31,Object-position binding in visual memory for natural scenes and object arrays.,2007,Journal of Experimental Psychology: Human Perception and Performance,https://doi.org/10.1037/0096-1523.33.1.31,Addresses deformable object manipulation or a neighboring robotics mechanism.,"Prior work usually predicts, ranks, filters, or imitates observed behavior rather than preserving unrealized branches.",The observed outcome is enough to supervise the model.,"Contact mode support, embodiment limits, and deployment perturbations.","Branch collapse, hidden-mode shift, and tail-risk planning failures.",Generic world models and generic uncertainty are crowded.,Deformable memory under action keeps action-critical alternatives explicit until a physical observation collapses them.
54,arxiv:2603.13756v1,Exploration-assisted Bottleneck Transition Toward Robust and Data-efficient Deformable Object Manipulation,2026,arXiv,http://arxiv.org/abs/2603.13756v1,Addresses deformable object manipulation or a neighboring robotics mechanism.,"Prior work usually predicts, ranks, filters, or imitates observed behavior rather than preserving unrealized branches.",The observed outcome is enough to supervise the model.,"Contact mode support, embodiment limits, and deployment perturbations.","Branch collapse, hidden-mode shift, and tail-risk planning failures.",Generic world models and generic uncertainty are crowded.,Deformable memory under action keeps action-critical alternatives explicit until a physical observation collapses them.
55,doi:10.3758/bf03194770,Encoding color and shape from different parts of an object in visual short-term memory,2002,Perception & Psychophysics,https://doi.org/10.3758/bf03194770,Addresses deformable object manipulation or a neighboring robotics mechanism.,"Prior work usually predicts, ranks, filters, or imitates observed behavior rather than preserving unrealized branches.",The observed outcome is enough to supervise the model.,"Contact mode support, embodiment limits, and deployment perturbations.","Branch collapse, hidden-mode shift, and tail-risk planning failures.",Generic world models and generic uncertainty are crowded.,Deformable memory under action keeps action-critical alternatives explicit until a physical observation collapses them.
56,doi:10.1002/aisy.202400044,Deformable Capsules for Object Detection,2024,Advanced Intelligent Systems,https://doi.org/10.1002/aisy.202400044,Addresses deformable object manipulation or a neighboring robotics mechanism.,"Prior work usually predicts, ranks, filters, or imitates observed behavior rather than preserving unrealized branches.",The observed outcome is enough to supervise the model.,"Contact mode support, embodiment limits, and deployment perturbations.","Branch collapse, hidden-mode shift, and tail-risk planning failures.",Generic world models and generic uncertainty are crowded.,Deformable memory under action keeps action-critical alternatives explicit until a physical observation collapses them.
57,arxiv:1806.08756v2,Dense Object Nets: Learning Dense Visual Object Descriptors By and For Robotic Manipulation,2018,arXiv,http://arxiv.org/abs/1806.08756v2,Addresses deformable object manipulation or a neighboring robotics mechanism.,"Prior work usually predicts, ranks, filters, or imitates observed behavior rather than preserving unrealized branches.",The observed outcome is enough to supervise the model.,"Contact mode support, embodiment limits, and deployment perturbations.","Branch collapse, hidden-mode shift, and tail-risk planning failures.",Generic world models and generic uncertainty are crowded.,Deformable memory under action keeps action-critical alternatives explicit until a physical observation collapses them.
58,arxiv:2309.11656v2,Real-to-Sim Deformable Object Manipulation: Optimizing Physics Models with Residual Mappings for Robotic Surgery,2023,arXiv,http://arxiv.org/abs/2309.11656v2,Addresses deformable object manipulation or a neighboring robotics mechanism.,"Prior work usually predicts, ranks, filters, or imitates observed behavior rather than preserving unrealized branches.",The observed outcome is enough to supervise the model.,"Contact mode support, embodiment limits, and deployment perturbations.","Branch collapse, hidden-mode shift, and tail-risk planning failures.",Generic world models and generic uncertainty are crowded.,Deformable memory under action keeps action-critical alternatives explicit until a physical observation collapses them.
59,doi:10.3390/s23094535,Exploring Tactile Temporal Features for Object Pose Estimation during Robotic Manipulation,2023,Sensors,https://doi.org/10.3390/s23094535,Addresses deformable object manipulation or a neighboring robotics mechanism.,"Prior work usually predicts, ranks, filters, or imitates observed behavior rather than preserving unrealized branches.",The observed outcome is enough to supervise the model.,"Contact mode support, embodiment limits, and deployment perturbations.","Branch collapse, hidden-mode shift, and tail-risk planning failures.",Generic world models and generic uncertainty are crowded.,Deformable memory under action keeps action-critical alternatives explicit until a physical observation collapses them.
60,doi:10.3758/bf03193704,Understanding the object benefit in visual short-term memory: The roles of feature proximity and connectedness,2006,Perception & Psychophysics,https://doi.org/10.3758/bf03193704,Addresses deformable object manipulation or a neighboring robotics mechanism.,"Prior work usually predicts, ranks, filters, or imitates observed behavior rather than preserving unrealized branches.",The observed outcome is enough to supervise the model.,"Contact mode support, embodiment limits, and deployment perturbations.","Branch collapse, hidden-mode shift, and tail-risk planning failures.",Generic world models and generic uncertainty are crowded.,Deformable memory under action keeps action-critical alternatives explicit until a physical observation collapses them.
61,doi:10.1109/tmech.2021.3126383,Contour Moments Based Manipulation of Composite Rigid-Deformable Objects With Finite Time Model Estimation and Shape/Position Control,2021,IEEE/ASME Transactions on Mechatronics,https://doi.org/10.1109/tmech.2021.3126383,Addresses deformable object manipulation or a neighboring robotics mechanism.,"Prior work usually predicts, ranks, filters, or imitates observed behavior rather than preserving unrealized branches.",The observed outcome is enough to supervise the model.,"Contact mode support, embodiment limits, and deployment perturbations.","Branch collapse, hidden-mode shift, and tail-risk planning failures.",Generic world models and generic uncertainty are crowded.,Deformable memory under action keeps action-critical alternatives explicit until a physical observation collapses them.
62,doi:10.1038/s41598-026-54050-w,Proto-memformer: deformable memory transformer for Parkinson’s MRI classification,2026,Scientific Reports,https://doi.org/10.1038/s41598-026-54050-w,Addresses deformable object manipulation or a neighboring robotics mechanism.,"Prior work usually predicts, ranks, filters, or imitates observed behavior rather than preserving unrealized branches.",The observed outcome is enough to supervise the model.,"Contact mode support, embodiment limits, and deployment perturbations.","Branch collapse, hidden-mode shift, and tail-risk planning failures.",Generic world models and generic uncertainty are crowded.,Deformable memory under action keeps action-critical alternatives explicit until a physical observation collapses them.
63,doi:10.3390/biomimetics10090600,Markerless Force Estimation via SuperPoint-SIFT Fusion and Finite Element Analysis: A Sensorless Solution for Deformable Object Manipulation,2025,Biomimetics,https://doi.org/10.3390/biomimetics10090600,Addresses deformable object manipulation or a neighboring robotics mechanism.,"Prior work usually predicts, ranks, filters, or imitates observed behavior rather than preserving unrealized branches.",The observed outcome is enough to supervise the model.,"Contact mode support, embodiment limits, and deployment perturbations.","Branch collapse, hidden-mode shift, and tail-risk planning failures.",Generic world models and generic uncertainty are crowded.,Deformable memory under action keeps action-critical alternatives explicit until a physical observation collapses them.
64,doi:10.1111/ejn.70155,Repetition Hampers Flexible Object Manipulation Under Visual Uncertainty,2025,European Journal of Neuroscience,https://doi.org/10.1111/ejn.70155,Addresses deformable object manipulation or a neighboring robotics mechanism.,"Prior work usually predicts, ranks, filters, or imitates observed behavior rather than preserving unrealized branches.",The observed outcome is enough to supervise the model.,"Contact mode support, embodiment limits, and deployment perturbations.","Branch collapse, hidden-mode shift, and tail-risk planning failures.",Generic world models and generic uncertainty are crowded.,Deformable memory under action keeps action-critical alternatives explicit until a physical observation collapses them.
65,doi:10.1109/cvpr42600.2020.00676,Deformable Siamese Attention Networks for Visual Object Tracking,2020,2020 IEEE/CVF Conference on Computer Vision and Pattern Recognition (CVPR),https://doi.org/10.1109/cvpr42600.2020.00676,Addresses deformable object manipulation or a neighboring robotics mechanism.,"Prior work usually predicts, ranks, filters, or imitates observed behavior rather than preserving unrealized branches.",The observed outcome is enough to supervise the model.,"Contact mode support, embodiment limits, and deployment perturbations.","Branch collapse, hidden-mode shift, and tail-risk planning failures.",Generic world models and generic uncertainty are crowded.,Deformable memory under action keeps action-critical alternatives explicit until a physical observation collapses them.
66,doi:10.1016/j.displa.2026.103356,MeAP: dual level memory strategy augmented transformer based visual object predictor,2026,Displays,https://doi.org/10.1016/j.displa.2026.103356,Addresses deformable object manipulation or a neighboring robotics mechanism.,"Prior work usually predicts, ranks, filters, or imitates observed behavior rather than preserving unrealized branches.",The observed outcome is enough to supervise the model.,"Contact mode support, embodiment limits, and deployment perturbations.","Branch collapse, hidden-mode shift, and tail-risk planning failures.",Generic world models and generic uncertainty are crowded.,Deformable memory under action keeps action-critical alternatives explicit until a physical observation collapses them.
67,arxiv:2210.15751v2,Planning with Spatial-Temporal Abstraction from Point Clouds for Deformable Object Manipulation,2022,arXiv,http://arxiv.org/abs/2210.15751v2,Addresses deformable object manipulation or a neighboring robotics mechanism.,"Prior work usually predicts, ranks, filters, or imitates observed behavior rather than preserving unrealized branches.",The observed outcome is enough to supervise the model.,"Contact mode support, embodiment limits, and deployment perturbations.","Branch collapse, hidden-mode shift, and tail-risk planning failures.",Generic world models and generic uncertainty are crowded.,Deformable memory under action keeps action-critical alternatives explicit until a physical observation collapses them.
68,doi:10.48550/arxiv.2104.12149,Learning Latent Graph Dynamics for Visual Manipulation of Deformable Objects,2021,arXiv (Cornell University),https://doi.org/10.48550/arxiv.2104.12149,Addresses deformable object manipulation or a neighboring robotics mechanism.,"Prior work usually predicts, ranks, filters, or imitates observed behavior rather than preserving unrealized branches.",The observed outcome is enough to supervise the model.,"Contact mode support, embodiment limits, and deployment perturbations.","Branch collapse, hidden-mode shift, and tail-risk planning failures.",Generic world models and generic uncertainty are crowded.,Deformable memory under action keeps action-critical alternatives explicit until a physical observation collapses them.
69,arxiv:2011.07215v2,SoftGym: Benchmarking Deep Reinforcement Learning for Deformable Object Manipulation,2020,arXiv,http://arxiv.org/abs/2011.07215v2,Addresses deformable object manipulation or a neighboring robotics mechanism.,"Prior work usually predicts, ranks, filters, or imitates observed behavior rather than preserving unrealized branches.",The observed outcome is enough to supervise the model.,"Contact mode support, embodiment limits, and deployment perturbations.","Branch collapse, hidden-mode shift, and tail-risk planning failures.",Generic world models and generic uncertainty are crowded.,Deformable memory under action keeps action-critical alternatives explicit until a physical observation collapses them.
70,arxiv:2511.05397v1,EveryDayVLA: A Vision-Language-Action Model for Affordable Robotic Manipulation,2025,arXiv,http://arxiv.org/abs/2511.05397v1,Addresses deformable object manipulation or a neighboring robotics mechanism.,"Prior work usually predicts, ranks, filters, or imitates observed behavior rather than preserving unrealized branches.",The observed outcome is enough to supervise the model.,"Contact mode support, embodiment limits, and deployment perturbations.","Branch collapse, hidden-mode shift, and tail-risk planning failures.",Generic world models and generic uncertainty are crowded.,Deformable memory under action keeps action-critical alternatives explicit until a physical observation collapses them.
71,doi:10.1126/scirobotics.adc9244,Visual dexterity: In-hand reorientation of novel and complex object shapes,2023,Science Robotics,https://doi.org/10.1126/scirobotics.adc9244,Addresses deformable object manipulation or a neighboring robotics mechanism.,"Prior work usually predicts, ranks, filters, or imitates observed behavior rather than preserving unrealized branches.",The observed outcome is enough to supervise the model.,"Contact mode support, embodiment limits, and deployment perturbations.","Branch collapse, hidden-mode shift, and tail-risk planning failures.",Generic world models and generic uncertainty are crowded.,Deformable memory under action keeps action-critical alternatives explicit until a physical observation collapses them.
72,doi:10.5772/intechopen.1003777,Deformable Correlation Networks for Aerial Object Tracking and Segmentation,2024,Drones - Various Applications,https://doi.org/10.5772/intechopen.1003777,Addresses deformable object manipulation or a neighboring robotics mechanism.,"Prior work usually predicts, ranks, filters, or imitates observed behavior rather than preserving unrealized branches.",The observed outcome is enough to supervise the model.,"Contact mode support, embodiment limits, and deployment perturbations.","Branch collapse, hidden-mode shift, and tail-risk planning failures.",Generic world models and generic uncertainty are crowded.,Deformable memory under action keeps action-critical alternatives explicit until a physical observation collapses them.
73,doi:10.1068/p3010,A Neuro-Cognitive Visual System for Object Recognition Based on Testing of Interactive Attentional Top – down Hypotheses,2000,Perception,https://doi.org/10.1068/p3010,Addresses deformable object manipulation or a neighboring robotics mechanism.,"Prior work usually predicts, ranks, filters, or imitates observed behavior rather than preserving unrealized branches.",The observed outcome is enough to supervise the model.,"Contact mode support, embodiment limits, and deployment perturbations.","Branch collapse, hidden-mode shift, and tail-risk planning failures.",Generic world models and generic uncertainty are crowded.,Deformable memory under action keeps action-critical alternatives explicit until a physical observation collapses them.
74,arxiv:2104.12149v2,Learning Latent Graph Dynamics for Visual Manipulation of Deformable Objects,2021,arXiv,http://arxiv.org/abs/2104.12149v2,Addresses deformable object manipulation or a neighboring robotics mechanism.,"Prior work usually predicts, ranks, filters, or imitates observed behavior rather than preserving unrealized branches.",The observed outcome is enough to supervise the model.,"Contact mode support, embodiment limits, and deployment perturbations.","Branch collapse, hidden-mode shift, and tail-risk planning failures.",Generic world models and generic uncertainty are crowded.,Deformable memory under action keeps action-critical alternatives explicit until a physical observation collapses them.
75,doi:10.3390/robotics12040104,Skill Fusion in Hybrid Robotic Framework for Visual Object Goal Navigation,2023,Robotics,https://doi.org/10.3390/robotics12040104,Addresses deformable object manipulation or a neighboring robotics mechanism.,"Prior work usually predicts, ranks, filters, or imitates observed behavior rather than preserving unrealized branches.",The observed outcome is enough to supervise the model.,"Contact mode support, embodiment limits, and deployment perturbations.","Branch collapse, hidden-mode shift, and tail-risk planning failures.",Generic world models and generic uncertainty are crowded.,Deformable memory under action keeps action-critical alternatives explicit until a physical observation collapses them.
76,doi:10.1109/lra.2024.3375257,Continuous Object State Recognition for Cooking Robots Using Pre-Trained Vision-Language Models and Black-box Optimization,2024,arXiv,http://arxiv.org/abs/2403.08239v1,Addresses deformable object manipulation or a neighboring robotics mechanism.,"Prior work usually predicts, ranks, filters, or imitates observed behavior rather than preserving unrealized branches.",The observed outcome is enough to supervise the model.,"Contact mode support, embodiment limits, and deployment perturbations.","Branch collapse, hidden-mode shift, and tail-risk planning failures.",Generic world models and generic uncertainty are crowded.,Deformable memory under action keeps action-critical alternatives explicit until a physical observation collapses them.
77,arxiv:2506.23126v4,"ParticleFormer: A 3D Point Cloud World Model for Multi-Object, Multi-Material Robotic Manipulation",2025,arXiv,http://arxiv.org/abs/2506.23126v4,Addresses deformable object manipulation or a neighboring robotics mechanism.,"Prior work usually predicts, ranks, filters, or imitates observed behavior rather than preserving unrealized branches.",The observed outcome is enough to supervise the model.,"Contact mode support, embodiment limits, and deployment perturbations.","Branch collapse, hidden-mode shift, and tail-risk planning failures.",Generic world models and generic uncertainty are crowded.,Deformable memory under action keeps action-critical alternatives explicit until a physical observation collapses them.
78,doi:10.1115/dscc2017-5383,Visual Object Tracking on the Inverse Perspective Map for Autonomous Vehicles,2017,"Volume 2: Mechatronics; Estimation and Identification; Uncertain Systems and Robustness; Path Planning and Motion Control; Tracking Control Systems; Multi-Agent and Networked Systems; Manufacturing; Intelligent Transportation and Vehicles; Sensors and Actuators; Diagnostics and Detection; Unmanned, Ground and Surface Robotics; Motion and Vibration Control Applications",https://doi.org/10.1115/dscc2017-5383,Addresses deformable object manipulation or a neighboring robotics mechanism.,"Prior work usually predicts, ranks, filters, or imitates observed behavior rather than preserving unrealized branches.",The observed outcome is enough to supervise the model.,"Contact mode support, embodiment limits, and deployment perturbations.","Branch collapse, hidden-mode shift, and tail-risk planning failures.",Generic world models and generic uncertainty are crowded.,Deformable memory under action keeps action-critical alternatives explicit until a physical observation collapses them.
79,doi:10.1299/kikaic.67.2616,Control of a Robot Based on Fusion of Visual and Force/Torque Sensor Information. Manipulation of a Deformable Object.,2001,TRANSACTIONS OF THE JAPAN SOCIETY OF MECHANICAL ENGINEERS Series C,https://doi.org/10.1299/kikaic.67.2616,Addresses deformable object manipulation or a neighboring robotics mechanism.,"Prior work usually predicts, ranks, filters, or imitates observed behavior rather than preserving unrealized branches.",The observed outcome is enough to supervise the model.,"Contact mode support, embodiment limits, and deployment perturbations.","Branch collapse, hidden-mode shift, and tail-risk planning failures.",Generic world models and generic uncertainty are crowded.,Deformable memory under action keeps action-critical alternatives explicit until a physical observation collapses them.
80,doi:10.1152/jn.00800.2018,Sensorimotor uncertainty modulates corticospinal excitability during skilled object manipulation,2019,Journal of Neurophysiology,https://doi.org/10.1152/jn.00800.2018,Addresses deformable object manipulation or a neighboring robotics mechanism.,"Prior work usually predicts, ranks, filters, or imitates observed behavior rather than preserving unrealized branches.",The observed outcome is enough to supervise the model.,"Contact mode support, embodiment limits, and deployment perturbations.","Branch collapse, hidden-mode shift, and tail-risk planning failures.",Generic world models and generic uncertainty are crowded.,Deformable memory under action keeps action-critical alternatives explicit until a physical observation collapses them.
81,doi:10.1177/0301006615607121,Priming of Visual Search Facilitates Attention Shifts: Evidence From Object-Substitution Masking,2016,Perception,https://doi.org/10.1177/0301006615607121,Addresses deformable object manipulation or a neighboring robotics mechanism.,"Prior work usually predicts, ranks, filters, or imitates observed behavior rather than preserving unrealized branches.",The observed outcome is enough to supervise the model.,"Contact mode support, embodiment limits, and deployment perturbations.","Branch collapse, hidden-mode shift, and tail-risk planning failures.",Generic world models and generic uncertainty are crowded.,Deformable memory under action keeps action-critical alternatives explicit until a physical observation collapses them.
82,doi:10.1186/s40648-020-00162-5,Dexterous object manipulation by a multi-fingered robotic hand with visual-tactile fingertip sensors,2020,ROBOMECH Journal,https://doi.org/10.1186/s40648-020-00162-5,Addresses deformable object manipulation or a neighboring robotics mechanism.,"Prior work usually predicts, ranks, filters, or imitates observed behavior rather than preserving unrealized branches.",The observed outcome is enough to supervise the model.,"Contact mode support, embodiment limits, and deployment perturbations.","Branch collapse, hidden-mode shift, and tail-risk planning failures.",Generic world models and generic uncertainty are crowded.,Deformable memory under action keeps action-critical alternatives explicit until a physical observation collapses them.
83,doi:10.3390/s23052389,"Data-Driven Robotic Manipulation of Cloth-like Deformable Objects: The Present, Challenges and Future Prospects",2023,Sensors,https://doi.org/10.3390/s23052389,Addresses deformable object manipulation or a neighboring robotics mechanism.,"Prior work usually predicts, ranks, filters, or imitates observed behavior rather than preserving unrealized branches.",The observed outcome is enough to supervise the model.,"Contact mode support, embodiment limits, and deployment perturbations.","Branch collapse, hidden-mode shift, and tail-risk planning failures.",Generic world models and generic uncertainty are crowded.,Deformable memory under action keeps action-critical alternatives explicit until a physical observation collapses them.
84,doi:10.1093/acprof:oso/9780195305487.003.0006,Visual Object Perception and Long-term Memory,2008,Visual Memory,https://doi.org/10.1093/acprof:oso/9780195305487.003.0006,Addresses deformable object manipulation or a neighboring robotics mechanism.,"Prior work usually predicts, ranks, filters, or imitates observed behavior rather than preserving unrealized branches.",The observed outcome is enough to supervise the model.,"Contact mode support, embodiment limits, and deployment perturbations.","Branch collapse, hidden-mode shift, and tail-risk planning failures.",Generic world models and generic uncertainty are crowded.,Deformable memory under action keeps action-critical alternatives explicit until a physical observation collapses them.
85,arxiv:2411.13952v2,Learning thin deformable object manipulation with a multi-sensory integrated soft hand,2024,arXiv,http://arxiv.org/abs/2411.13952v2,Addresses deformable object manipulation or a neighboring robotics mechanism.,"Prior work usually predicts, ranks, filters, or imitates observed behavior rather than preserving unrealized branches.",The observed outcome is enough to supervise the model.,"Contact mode support, embodiment limits, and deployment perturbations.","Branch collapse, hidden-mode shift, and tail-risk planning failures.",Generic world models and generic uncertainty are crowded.,Deformable memory under action keeps action-critical alternatives explicit until a physical observation collapses them.
86,doi:10.1007/s11633-025-1566-0,Online Iterative Learning Enhanced Sim-to-Real Transfer for Efficient Manipulation of Deformable Objects,2025,Machine Intelligence Research,https://doi.org/10.1007/s11633-025-1566-0,Addresses deformable object manipulation or a neighboring robotics mechanism.,"Prior work usually predicts, ranks, filters, or imitates observed behavior rather than preserving unrealized branches.",The observed outcome is enough to supervise the model.,"Contact mode support, embodiment limits, and deployment perturbations.","Branch collapse, hidden-mode shift, and tail-risk planning failures.",Generic world models and generic uncertainty are crowded.,Deformable memory under action keeps action-critical alternatives explicit until a physical observation collapses them.
87,doi:10.3390/machines11111013,Deformable Object Manipulation in Caregiving Scenarios: A Review,2023,Machines,https://doi.org/10.3390/machines11111013,Addresses deformable object manipulation or a neighboring robotics mechanism.,"Prior work usually predicts, ranks, filters, or imitates observed behavior rather than preserving unrealized branches.",The observed outcome is enough to supervise the model.,"Contact mode support, embodiment limits, and deployment perturbations.","Branch collapse, hidden-mode shift, and tail-risk planning failures.",Generic world models and generic uncertainty are crowded.,Deformable memory under action keeps action-critical alternatives explicit until a physical observation collapses them.
88,doi:10.1609/aaai.v37i2.25308,Action-Conditioned Generation of Bimanual Object Manipulation Sequences,2023,Proceedings of the AAAI Conference on Artificial Intelligence,https://doi.org/10.1609/aaai.v37i2.25308,Addresses deformable object manipulation or a neighboring robotics mechanism.,"Prior work usually predicts, ranks, filters, or imitates observed behavior rather than preserving unrealized branches.",The observed outcome is enough to supervise the model.,"Contact mode support, embodiment limits, and deployment perturbations.","Branch collapse, hidden-mode shift, and tail-risk planning failures.",Generic world models and generic uncertainty are crowded.,Deformable memory under action keeps action-critical alternatives explicit until a physical observation collapses them.
89,doi:10.1146/annurev-control-053018-023735,From Visual Understanding to Complex Object Manipulation,2019,"Annual Review of Control, Robotics, and Autonomous Systems",https://doi.org/10.1146/annurev-control-053018-023735,Addresses deformable object manipulation or a neighboring robotics mechanism.,"Prior work usually predicts, ranks, filters, or imitates observed behavior rather than preserving unrealized branches.",The observed outcome is enough to supervise the model.,"Contact mode support, embodiment limits, and deployment perturbations.","Branch collapse, hidden-mode shift, and tail-risk planning failures.",Generic world models and generic uncertainty are crowded.,Deformable memory under action keeps action-critical alternatives explicit until a physical observation collapses them.
90,arxiv:2603.25725v1,SoftMimicGen: A Data Generation System for Scalable Robot Learning in Deformable Object Manipulation,2026,arXiv,http://arxiv.org/abs/2603.25725v1,Addresses deformable object manipulation or a neighboring robotics mechanism.,"Prior work usually predicts, ranks, filters, or imitates observed behavior rather than preserving unrealized branches.",The observed outcome is enough to supervise the model.,"Contact mode support, embodiment limits, and deployment perturbations.","Branch collapse, hidden-mode shift, and tail-risk planning failures.",Generic world models and generic uncertainty are crowded.,Deformable memory under action keeps action-critical alternatives explicit until a physical observation collapses them.
91,arxiv:2604.22363v1,LeHome: A Simulation Environment for Deformable Object Manipulation in Household Scenarios,2026,arXiv,http://arxiv.org/abs/2604.22363v1,Addresses deformable object manipulation or a neighboring robotics mechanism.,"Prior work usually predicts, ranks, filters, or imitates observed behavior rather than preserving unrealized branches.",The observed outcome is enough to supervise the model.,"Contact mode support, embodiment limits, and deployment perturbations.","Branch collapse, hidden-mode shift, and tail-risk planning failures.",Generic world models and generic uncertainty are crowded.,Deformable memory under action keeps action-critical alternatives explicit until a physical observation collapses them.
92,arxiv:2511.15200v2,VIRAL: Visual Sim-to-Real at Scale for Humanoid Loco-Manipulation,2025,arXiv,http://arxiv.org/abs/2511.15200v2,Addresses deformable object manipulation or a neighboring robotics mechanism.,"Prior work usually predicts, ranks, filters, or imitates observed behavior rather than preserving unrealized branches.",The observed outcome is enough to supervise the model.,"Contact mode support, embodiment limits, and deployment perturbations.","Branch collapse, hidden-mode shift, and tail-risk planning failures.",Generic world models and generic uncertainty are crowded.,Deformable memory under action keeps action-critical alternatives explicit until a physical observation collapses them.
93,arxiv:2507.10776v1,rt-RISeg: Real-Time Model-Free Robot Interactive Segmentation for Active Instance-Level Object Understanding,2025,arXiv,http://arxiv.org/abs/2507.10776v1,Addresses deformable object manipulation or a neighboring robotics mechanism.,"Prior work usually predicts, ranks, filters, or imitates observed behavior rather than preserving unrealized branches.",The observed outcome is enough to supervise the model.,"Contact mode support, embodiment limits, and deployment perturbations.","Branch collapse, hidden-mode shift, and tail-risk planning failures.",Generic world models and generic uncertainty are crowded.,Deformable memory under action keeps action-critical alternatives explicit until a physical observation collapses them.
94,doi:10.3389/fnint.2024.1346968,Secondary somatosensory and posterior insular cortices: a somatomotor hub for object prehension and manipulation movements,2024,Frontiers in Integrative Neuroscience,https://doi.org/10.3389/fnint.2024.1346968,Addresses deformable object manipulation or a neighboring robotics mechanism.,"Prior work usually predicts, ranks, filters, or imitates observed behavior rather than preserving unrealized branches.",The observed outcome is enough to supervise the model.,"Contact mode support, embodiment limits, and deployment perturbations.","Branch collapse, hidden-mode shift, and tail-risk planning failures.",Generic world models and generic uncertainty are crowded.,Deformable memory under action keeps action-critical alternatives explicit until a physical observation collapses them.
95,doi:10.1027/1618-3169.53.2.143,End-State Comfort in Bimanual Object Manipulation,2006,Experimental Psychology,https://doi.org/10.1027/1618-3169.53.2.143,Addresses deformable object manipulation or a neighboring robotics mechanism.,"Prior work usually predicts, ranks, filters, or imitates observed behavior rather than preserving unrealized branches.",The observed outcome is enough to supervise the model.,"Contact mode support, embodiment limits, and deployment perturbations.","Branch collapse, hidden-mode shift, and tail-risk planning failures.",Generic world models and generic uncertainty are crowded.,Deformable memory under action keeps action-critical alternatives explicit until a physical observation collapses them.
96,arxiv:2312.15204v1,DexDLO: Learning Goal-Conditioned Dexterous Policy for Dynamic Manipulation of Deformable Linear Objects,2023,arXiv,http://arxiv.org/abs/2312.15204v1,Addresses deformable object manipulation or a neighboring robotics mechanism.,"Prior work usually predicts, ranks, filters, or imitates observed behavior rather than preserving unrealized branches.",The observed outcome is enough to supervise the model.,"Contact mode support, embodiment limits, and deployment perturbations.","Branch collapse, hidden-mode shift, and tail-risk planning failures.",Generic world models and generic uncertainty are crowded.,Deformable memory under action keeps action-critical alternatives explicit until a physical observation collapses them.
97,arxiv:2311.09659v1,Enhancing Deformable Object Manipulation By Using Interactive Perception and Assistive Tools,2023,arXiv,http://arxiv.org/abs/2311.09659v1,Addresses deformable object manipulation or a neighboring robotics mechanism.,"Prior work usually predicts, ranks, filters, or imitates observed behavior rather than preserving unrealized branches.",The observed outcome is enough to supervise the model.,"Contact mode support, embodiment limits, and deployment perturbations.","Branch collapse, hidden-mode shift, and tail-risk planning failures.",Generic world models and generic uncertainty are crowded.,Deformable memory under action keeps action-critical alternatives explicit until a physical observation collapses them.
98,arxiv:2312.00583v2,DeformGS: Scene Flow in Highly Deformable Scenes for Deformable Object Manipulation,2023,arXiv,http://arxiv.org/abs/2312.00583v2,Addresses deformable object manipulation or a neighboring robotics mechanism.,"Prior work usually predicts, ranks, filters, or imitates observed behavior rather than preserving unrealized branches.",The observed outcome is enough to supervise the model.,"Contact mode support, embodiment limits, and deployment perturbations.","Branch collapse, hidden-mode shift, and tail-risk planning failures.",Generic world models and generic uncertainty are crowded.,Deformable memory under action keeps action-critical alternatives explicit until a physical observation collapses them.
99,arxiv:1809.09802v1,Robust Shape Estimation for 3D Deformable Object Manipulation,2018,arXiv,http://arxiv.org/abs/1809.09802v1,Addresses deformable object manipulation or a neighboring robotics mechanism.,"Prior work usually predicts, ranks, filters, or imitates observed behavior rather than preserving unrealized branches.",The observed outcome is enough to supervise the model.,"Contact mode support, embodiment limits, and deployment perturbations.","Branch collapse, hidden-mode shift, and tail-risk planning failures.",Generic world models and generic uncertainty are crowded.,Deformable memory under action keeps action-critical alternatives explicit until a physical observation collapses them.
100,doi:10.24963/ijcai.2025/97,External Memory Matters: Generalizable Object-Action Memory for Retrieval-Augmented Long-Term Video Understanding,2025,Proceedings of the Thirty-Fourth International Joint Conference on Artificial Intelligence,https://doi.org/10.24963/ijcai.2025/97,Addresses deformable object manipulation or a neighboring robotics mechanism.,"Prior work usually predicts, ranks, filters, or imitates observed behavior rather than preserving unrealized branches.",The observed outcome is enough to supervise the model.,"Contact mode support, embodiment limits, and deployment perturbations.","Branch collapse, hidden-mode shift, and tail-risk planning failures.",Generic world models and generic uncertainty are crowded.,Deformable memory under action keeps action-critical alternatives explicit until a physical observation collapses them.
